{"reset_type":"random","filter":{"0":-0.05486321821808815,"1":-0.5004981160163879,"2":-0.5156015157699585,"3":0.471019446849823,"4":0.06415367871522903,"5":0.377020001411438,"6":0.06920520961284637,"7":0.48803722858428955,"8":-0.45779120922088623},"hor_sym":false,"ver_sym":false,"full_sym":false,"activation":"float activation(float x) {\n  return abs(1.2*x);\n}","color":[0.6431372549019608,1,0.45098039215686275],"bg_color":"#000000","persistent":false}