{"reset_type":"random","filter":{"0":-0.0519472099840641,"1":-0.2522342801094055,"2":-0.4812234938144684,"3":-0.21227705478668213,"4":-0.14854852855205536,"5":0.7708163261413574,"6":-0.07942581921815872,"7":0.45876339077949524,"8":-0.33699831366539},"hor_sym":false,"ver_sym":false,"full_sym":false,"activation":"float activation(float x) {\n  return abs(1.2*x);\n}","color":[1,0.1411764705882353,0.5607843137254902],"bg_color":"#000000","persistent":false}